"","st","year","a_mean_dentist","a_mean_doctor","a_mean_nurse","a_mean_den_doc","a_mean_den_nurse"
"1","AK",2004,159490,113110,59830,1.4100433206613,2.66571953869296
"2","AK",2006,163140,143810,64830,1.13441346220708,2.51642757982416
"3","AK",2007,168820,135790,70300,1.24324324324324,2.40142247510669
"4","AK",2008,203000,138380,72820,1.46697499638676,2.7876956879978
"5","AK",2009,199720,149470,74970,1.33618786378538,2.6639989329065
"6","AK",2010,192940,181220,79350,1.06467277342457,2.43150598613737
"7","AK",2011,195350,194550,82080,1.00411205345669,2.37999512670565
"8","AK",2012,186710,202160,80970,0.923575385833004,2.30591577127331
"9","AK",2013,208650,207290,83640,1.00656085677071,2.49461979913917
"10","AK",2014,205880,228340,85740,0.901637908382237,2.4012129694425
"11","AK",2015,217120,235600,88510,0.921561969439728,2.45305615184725
"12","AK",2016,234240,232560,86450,1.00722394220846,2.70954308849046
"13","AK",2017,237140,223090,87510,1.06297906674436,2.70986173008799
"14","AK",2018,259350,227730,89310,1.13884863654327,2.90393013100437
"15","AL",2004,129530,145300,45830,0.891465932553338,2.8263146410648
"16","AL",2005,125620,148540,48840,0.845698128450249,2.57207207207207
"17","AL",2006,133040,155190,51230,0.857271731425994,2.59691586960765
"18","AL",2007,149640,145680,54370,1.02718286655684,2.75225308074306
"19","AL",2008,156370,142670,56670,1.09602579378986,2.75930827598377
"20","AL",2009,177810,142850,57860,1.24473223661183,3.07310750086415
"21","AL",2010,190440,162780,57850,1.16992259491338,3.29196197061366
"22","AL",2011,205130,176950,57840,1.15925402656118,3.54650760719225
"23","AL",2012,189160,179940,55270,1.05123930198955,3.42247150352813
"24","AL",2013,186430,175010,55870,1.06525341409062,3.33685340970109
"25","AL",2014,173220,186640,56470,0.928096870981569,3.0674694528068
"26","AL",2015,174870,198890,56890,0.879229724973604,3.0738266830726
"27","AL",2016,183480,189640,56900,0.967517401392111,3.22460456942003
"28","AL",2017,181240,208400,57890,0.869673704414587,3.13076524442909
"29","AL",2018,171900,211550,59470,0.812573859607658,2.89053304186985
"30","AR",2004,82950,151070,45900,0.549083206460581,1.80718954248366
"31","AR",2005,88780,160980,48620,0.551497080382656,1.82599753187988
"32","AR",2006,112280,168530,51330,0.666231531478075,2.18741476719267
"33","AR",2007,142300,176760,52600,0.805046390586105,2.70532319391635
"34","AR",2008,166500,188880,55280,0.88151207115629,3.01193921852388
"35","AR",2009,186710,206030,57040,0.906227248458962,3.27331697054698
"36","AR",2010,170700,199860,56500,0.854097868507956,3.0212389380531
"37","AR",2011,172920,215500,56990,0.802412993039443,3.03421652921565
"38","AR",2012,160640,214080,55360,0.750373692077728,2.90173410404624
"39","AR",2013,152200,210600,56150,0.722697056030389,2.71059661620659
"40","AR",2014,160520,202110,56480,0.794220968779378,2.84206798866856
"41","AR",2015,171450,211410,56870,0.810983397190294,3.0147705292773
"42","AR",2016,185170,212480,57630,0.871470256024096,3.21308346347389
"43","AR",2017,170440,222460,58810,0.766160208576823,2.89814657371195
"44","AR",2018,165480,228620,60780,0.723821187997551,2.72260612043435
"45","AZ",2004,140630,161780,52980,0.869266905674373,2.65439788599471
"46","AZ",2005,129820,148170,56280,0.876155767024364,2.30668088130775
"47","AZ",2006,133150,141270,58480,0.942521412897289,2.27684678522572
"48","AZ",2007,135340,140220,60670,0.965197546712309,2.23075655183781
"49","AZ",2008,150530,153540,64740,0.980395988016152,2.32514674080939
"50","AZ",2009,160410,158990,67130,1.00893137933203,2.38954267838522
"51","AZ",2010,184850,174210,70220,1.06107571321968,2.63244090002848
"52","AZ",2011,183330,171090,72340,1.07154129405576,2.53428255460326
"53","AZ",2012,171810,180930,71390,0.949593765544686,2.4066395853761
"54","AZ",2013,154260,184560,71430,0.835825747724317,2.15959680806384
"55","AZ",2014,141890,171980,71300,0.825037795092453,1.99004207573633
"56","AZ",2015,155940,169520,71790,0.919891458235017,2.17216882574175
"57","AZ",2016,168710,172530,73430,0.97785892308584,2.29756230423533
"58","AZ",2017,175310,198530,75110,0.883040346547121,2.33404340300892
"59","AZ",2018,186870,209810,77000,0.890662980792145,2.42688311688312
"60","CA",2004,141470,119010,66920,1.18872363666919,2.11401673640167
"61","CA",2005,136510,133420,70430,1.02315994603508,1.93823654692603
"62","CA",2006,142190,136290,75130,1.04329004329004,1.89258618394782
"63","CA",2007,138280,139130,78550,0.993890605908143,1.76040738383195
"64","CA",2008,140990,142620,83040,0.988571027906324,1.69785645472062
"65","CA",2009,148650,164290,85080,0.904802483413476,1.74717912552891
"66","CA",2010,146760,168010,87480,0.873519433367062,1.67764060356653
"67","CA",2011,148100,174530,90860,0.848564716667622,1.62998018930222
"68","CA",2012,140620,182200,94120,0.77178924259056,1.49405014874628
"69","CA",2013,147750,194780,96980,0.758548105554985,1.52351000206228
"70","CA",2014,155270,198160,98400,0.783558740411788,1.57794715447154
"71","CA",2015,170490,198380,101260,0.859411230970864,1.68368556191981
"72","CA",2016,164330,198010,101750,0.829907580425231,1.61503685503686
"73","CA",2017,157890,196180,102700,0.804822102151086,1.53739045764362
"74","CA",2018,151490,197860,106950,0.76564237339533,1.41645628798504
"75","CO",2004,157460,120410,53830,1.30769869612158,2.92513468326212
"76","CO",2005,147300,126830,56340,1.1613971457857,2.61448349307774
"77","CO",2006,150480,134690,58620,1.11723216274408,2.56704196519959
"78","CO",2007,164470,141900,61890,1.15905567300916,2.65745677815479
"79","CO",2008,157340,158050,64280,0.9955077507118,2.4477286869944
"80","CO",2009,149560,184290,66800,0.811547018286396,2.23892215568862
"81","CO",2010,140070,186300,67280,0.751851851851852,2.08189655172414
"82","CO",2011,138540,183630,68670,0.754451886946577,2.0174748798602
"83","CO",2012,133300,167510,67920,0.795773386663483,1.96260306242638
"84","CO",2013,143910,179240,68980,0.802889979915198,2.08625688605393
"85","CO",2014,158050,186690,69600,0.846590604745835,2.27083333333333
"86","CO",2015,178710,202780,69990,0.881299930959661,2.5533647663952
"87","CO",2016,175210,217230,70550,0.806564470837361,2.4834868887314
"88","CO",2017,168110,222240,72570,0.756434485241181,2.31652197877911
"89","CO",2018,174930,220960,74240,0.791681752353367,2.35627693965517
"90","CT",2004,133250,144520,60040,0.922017713811237,2.21935376415723
"91","CT",2005,166570,153810,61990,1.08295949548144,2.68704629778997
"92","CT",2006,170830,148810,64210,1.14797392648344,2.66048902040181
"93","CT",2007,169230,155300,66890,1.08969735994849,2.52997458513978
"94","CT",2008,161420,160830,70350,1.00366846981285,2.29452736318408
"95","CT",2009,165090,161420,71930,1.02273572048073,2.29514806061449
"96","CT",2010,168180,153310,73860,1.09699302067706,2.2770105605199
"97","CT",2011,166200,161330,75850,1.03018657410277,2.19116677653263
"98","CT",2012,184460,154040,75660,1.19748117372111,2.43801215966164
"99","CT",2013,192870,188080,76280,1.02546788600595,2.52844782380703
"100","CT",2014,183460,177910,76370,1.03119554831094,2.40225219326961
"101","CT",2015,188580,196730,77330,0.958572663040716,2.43863959653433
"102","CT",2016,205310,190280,78270,1.07898885852428,2.62309952727737
"103","CT",2017,212840,203640,80200,1.04517776468277,2.65386533665835
"104","CT",2018,213390,199890,81220,1.06753714542999,2.62730854469343
"105","DC",2004,102210,73460,57440,1.39136945276341,1.77942200557103
"108","DC",2007,146960,84960,66750,1.72975517890772,2.20164794007491
"109","DC",2008,155400,166740,73040,0.931989924433249,2.1276013143483
"110","DC",2009,164430,160080,74040,1.02717391304348,2.2208265802269
"111","DC",2010,165910,148700,76210,1.11573638197714,2.17701089095919
"112","DC",2011,123560,123540,75160,1.00016189088554,1.6439595529537
"113","DC",2012,115160,146530,75790,0.785914147273596,1.51946167040507
"114","DC",2013,122370,153010,77550,0.79975165021894,1.5779497098646
"116","DC",2016,113910,191540,80500,0.594706066617939,1.41503105590062
"117","DC",2017,180600,166940,90110,1.08182580567869,2.00421706802797
"118","DC",2018,183630,162830,92350,1.12774058834367,1.98841364374662
"119","DE",2004,129900,122510,56650,1.06032160639948,2.29302736098853
"120","DE",2005,154590,133110,58260,1.16137029524453,2.65345005149331
"121","DE",2006,164760,145960,61310,1.12880241161962,2.68732670037514
"122","DE",2007,184690,157820,65550,1.17025725510075,2.81754385964912
"123","DE",2008,187600,168570,68900,1.11289078721006,2.72278664731495
"124","DE",2009,198770,152520,70770,1.30323891948597,2.80867599265225
"125","DE",2010,195300,156570,70920,1.24736539566967,2.75380710659898
"126","DE",2011,210440,149150,72060,1.41092859537378,2.92034415764641
"127","DE",2012,214840,147070,70820,1.46080097912559,3.03360632589664
"128","DE",2013,226910,151470,70660,1.49805241962105,3.21129351825644
"129","DE",2014,224830,156980,70160,1.43222066505287,3.20453249714937
"130","DE",2015,227160,164980,71410,1.37689416899018,3.18106707744013
"131","DE",2016,236130,179840,70820,1.31300044483986,3.33422761931658
"132","DE",2017,257290,190020,73180,1.35401536680349,3.51585132549877
"133","DE",2018,264440,214170,74800,1.23472008217771,3.53529411764706
"134","FL",2004,120900,152410,50710,0.793255035758809,2.38414513902583
"135","FL",2005,131220,152320,53190,0.861475840336134,2.46700507614213
"136","FL",2006,135030,154770,56710,0.872455902306649,2.3810615411744
"137","FL",2007,144850,152080,59450,0.952459231983167,2.43650126156434
"138","FL",2008,150940,145070,61290,1.04046322465017,2.46271822483276
"139","FL",2009,144680,137820,62270,1.04977506893049,2.32343022322145
"140","FL",2010,146410,163030,63010,0.898055572594001,2.32359942866212
"141","FL",2011,146520,171520,64020,0.854244402985075,2.28865979381443
"142","FL",2012,149950,190840,61780,0.785736742821212,2.42716089349304
"143","FL",2013,153260,186380,62060,0.822298529885181,2.46954560103126
"144","FL",2014,163570,194040,62720,0.84297052154195,2.60794005102041
"145","FL",2015,170270,197090,63960,0.863920036531534,2.66213258286429
"146","FL",2016,166180,203410,64630,0.816970650410501,2.5712517406777
"147","FL",2017,166610,215300,64890,0.773850441244775,2.56757589767298
"148","FL",2018,167270,216020,66210,0.774326451254513,2.52635553541761
"149","GA",2004,149780,144230,49680,1.03848020522776,3.01489533011272
"150","GA",2005,145440,142970,52430,1.01727635168217,2.77398436009918
"151","GA",2006,158950,154160,55070,1.03107161390763,2.88632649355366
"152","GA",2007,160290,173160,57350,0.925675675675676,2.7949433304272
"153","GA",2008,171280,177700,59960,0.963871693866066,2.85657104736491
"154","GA",2009,167060,188620,60940,0.885696108578094,2.74138496882179
"155","GA",2010,191270,186020,61670,1.02822277174497,3.10150802659316
"156","GA",2011,191810,189020,62370,1.01476034282087,3.07535674202341
"157","GA",2012,191920,190300,60770,1.00851287440883,3.15813723876913
"158","GA",2013,189550,201490,61630,0.940741476003772,3.07561252636703
"159","GA",2014,190620,223710,62350,0.852085288990211,3.05725741780273
"160","GA",2015,177540,207770,63190,0.854502574962699,2.8096217755974
"161","GA",2016,173850,211110,64750,0.823504334233338,2.68494208494208
"162","GA",2017,181690,189980,66750,0.956363827771344,2.72194756554307
"163","GA",2018,176600,190950,68950,0.924849437025399,2.56127628716461
"164","GU",2004,111760,161950,47460,0.69008953380673,2.35482511588706
"165","GU",2005,97730,168750,48080,0.579140740740741,2.03265391014975
"166","GU",2006,117860,170450,50490,0.691463772367263,2.33432362844128
"167","GU",2009,129740,167310,49630,0.775446775446775,2.61414467056216
"168","GU",2015,177140,171640,53450,1.03204381263109,3.31412535079514
"169","HI",2004,171420,136770,60920,1.25334503180522,2.81385423506238
"170","HI",2005,152880,134190,65490,1.13928012519562,2.33440219880898
"171","HI",2006,151120,154130,68680,0.980471030947901,2.20034944670938
"172","HI",2007,136880,146190,74220,0.93631575347151,1.84424683373754
"173","HI",2008,144280,159010,77950,0.907364316709641,1.85093008338679
"174","HI",2009,141020,154930,80020,0.910217517588588,1.76230942264434
"175","HI",2010,146310,169390,82130,0.863746384084066,1.7814440521125
"176","HI",2011,155490,182340,83950,0.852747614346825,1.85217391304348
"177","HI",2012,143520,205000,84750,0.70009756097561,1.69345132743363
"178","HI",2013,152810,222510,85380,0.686755651431396,1.78976341063481
"179","HI",2014,167470,231110,88230,0.724633291506209,1.89810721976652
"180","HI",2015,154880,228220,90130,0.678643414249408,1.71840674581161
"181","HI",2016,179920,214930,88910,0.837109756664961,2.02361939039478
"182","HI",2017,174070,194760,96990,0.893766687204765,1.79472110526858
"183","HI",2018,196690,231750,98080,0.848716289104639,2.00540375203915
"184","IA",2004,143460,147600,43370,0.971951219512195,3.30781646299285
"185","IA",2005,137230,139040,45330,0.986982163406214,3.02735495257004
"186","IA",2006,155240,156220,47030,0.993726795544745,3.30087178396768
"187","IA",2007,146350,166850,49140,0.877135151333533,2.97822547822548
"188","IA",2008,152830,175500,50700,0.870826210826211,3.01439842209073
"189","IA",2009,172320,185920,51930,0.926850258175559,3.31831311380705
"190","IA",2010,202750,206530,51970,0.981697574202295,3.90128920531076
"191","IA",2011,202640,213460,53300,0.949311346388082,3.80187617260788
"192","IA",2012,187140,213600,52540,0.876123595505618,3.56185763228017
"193","IA",2013,171610,212550,53520,0.807386497294754,3.20646487294469
"194","IA",2014,174480,217460,54020,0.802354455991907,3.2299148463532
"195","IA",2015,185270,234600,55040,0.789727195225917,3.36609738372093
"196","IA",2016,184910,243580,56290,0.759134575909352,3.28495292236632
"197","IA",2017,193130,241760,57930,0.798850099272005,3.3338511997238
"198","IA",2018,187570,246670,59130,0.760408643126444,3.17216303061052
"200","ID",2005,117220,151870,49460,0.771844340554422,2.36999595632835
"201","ID",2006,142910,152150,51550,0.939270456786066,2.77225994180407
"202","ID",2008,154090,168140,57770,0.916438682050672,2.66730136749178
"203","ID",2009,168310,180410,61320,0.93293054708719,2.74478147423353
"204","ID",2010,181510,188660,62720,0.9621011343157,2.89397321428571
"205","ID",2011,187960,175330,62670,1.07203559003023,2.99920217009734
"206","ID",2012,159910,163360,59100,0.978880999020568,2.70575296108291
"207","ID",2013,154810,192460,59770,0.804374935051439,2.59009536556801
"208","ID",2014,169360,188470,60320,0.898604552448666,2.80769230769231
"209","ID",2015,191140,187270,61280,1.02066534949538,3.11912532637076
"210","ID",2016,191250,188930,62470,1.01227968030487,3.06146950536257
"211","ID",2017,187800,220550,64520,0.851507594649739,2.91072535647861
"212","ID",2018,172020,234810,67110,0.732592308675099,2.56325435851587
"213","IL",2004,81940,134500,49770,0.609219330855019,1.64637331725939
"214","IL",2005,103470,130580,53470,0.792387808240159,1.93510379652141
"215","IL",2006,106250,139700,56590,0.760558339298497,1.87754020144902
"216","IL",2007,139150,139770,61060,0.995564141088932,2.27890599410416
"217","IL",2008,149840,147840,64020,1.01352813852814,2.34051858794127
"218","IL",2009,142850,166920,65440,0.855799185238438,2.18291564792176
"219","IL",2010,135070,171680,66660,0.786754426840634,2.02625262526253
"220","IL",2011,121650,179880,67190,0.67628418945964,1.81053728233368
"221","IL",2012,128240,182060,66260,0.70438317038339,1.93540597645638
"222","IL",2013,133260,173450,66730,0.768290573652349,1.99700284729507
"223","IL",2014,141980,162890,68030,0.871631162133955,2.08702043216228
"224","IL",2015,149400,189480,69760,0.788473717542749,2.14162844036697
"225","IL",2016,156150,219280,70890,0.71210324699015,2.2027084214981
"226","IL",2017,161270,220290,72090,0.732080439420764,2.23706478013594
"227","IL",2018,171590,213340,73890,0.804302990531546,2.3222357558533
"228","IN",2004,140990,140250,46900,1.00527629233512,3.00618336886994
"229","IN",2005,137390,142320,50020,0.965359752670039,2.74670131947221
"230","IN",2006,134750,152680,52810,0.882564841498559,2.55160007574323
"231","IN",2007,145630,151480,54990,0.961381040401373,2.64829969085288
"232","IN",2008,158080,158950,57160,0.99452658068575,2.76557032890133
"233","IN",2009,170570,161440,57910,1.05655351833499,2.94543256777759
"234","IN",2010,182150,170810,57820,1.06638955564662,3.15029401591145
"235","IN",2011,184090,177690,58410,1.03601778378074,3.15168635507619
"236","IN",2012,175790,185140,57520,0.949497677433294,3.05615438108484
"237","IN",2013,157930,188370,58320,0.838403142750969,2.70799039780521
"238","IN",2014,143780,176120,58900,0.81637519872814,2.44108658743633
"239","IN",2015,146760,177540,58910,0.82663061845218,2.49125785095909
"240","IN",2016,162390,184650,60050,0.87944760357433,2.70424646128226
"241","IN",2017,185820,198080,62450,0.938105815831987,2.97550040032026
"242","IN",2018,183800,207480,64860,0.885868517447465,2.83379586802344
"243","KS",2004,111730,160870,45990,0.69453596071362,2.42944118286584
"244","KS",2005,117980,174570,46990,0.675832044452082,2.51074696743988
"245","KS",2006,136900,177930,49170,0.769403698083516,2.78421801911735
"246","KS",2007,143970,180440,52420,0.797882952782088,2.74647081266692
"247","KS",2008,161410,180690,54500,0.8932979135536,2.96165137614679
"248","KS",2009,157930,187110,55730,0.844048955160066,2.83384173694599
"249","KS",2010,158360,179950,57470,0.880022228396777,2.75552462154167
"250","KS",2011,130550,186830,58750,0.698763581865867,2.22212765957447
"251","KS",2012,123260,198570,56040,0.620738278692652,2.19950035688794
"252","KS",2013,152040,215900,56410,0.704214914312182,2.69526679666726
"253","KS",2014,173720,222090,56800,0.782205412220271,3.05845070422535
"254","KS",2015,182340,228590,57410,0.797672689094011,3.17610172443825
"255","KS",2016,177380,224070,58260,0.791627616369884,3.04462753175421
"256","KS",2017,185600,227140,59940,0.817117196442723,3.09642976309643
"257","KS",2018,179100,215450,61030,0.831283360408447,2.93462231689333
"258","KY",2004,110510,142010,48050,0.778184634884867,2.29989594172737
"259","KY",2005,103360,144290,50370,0.716335158361633,2.05201508834624
"260","KY",2006,121720,152450,52080,0.798425713348639,2.33717357910906
"261","KY",2007,139430,155790,55800,0.894986841260671,2.49874551971326
"262","KY",2008,156010,163760,56780,0.952674645823156,2.74762240225431
"263","KY",2009,149430,164160,58110,0.910270467836257,2.57150232318018
"264","KY",2010,131130,169500,58130,0.773628318584071,2.25580595217616
"265","KY",2011,129610,172260,60040,0.752409148960873,2.15872751499001
"266","KY",2012,144760,178780,57510,0.809710258418168,2.51712745609459
"267","KY",2013,157290,180090,57520,0.873396635015825,2.73452712100139
"268","KY",2014,150950,181810,57980,0.830262361806281,2.6034839599862
"269","KY",2015,168460,191400,58770,0.880146290491118,2.8664284498894
"270","KY",2016,176730,212640,59810,0.8311230248307,2.9548570473165
"271","KY",2017,163390,214830,61530,0.760554857329051,2.6554526247359
"272","KY",2018,154230,211670,63100,0.728634194737091,2.44421553090333
"273","LA",2004,110660,163350,48820,0.677441077441077,2.26669397787792
"274","LA",2005,98890,164100,50950,0.602620353443023,1.94092247301276
"275","LA",2006,95870,169830,53070,0.564505682152741,1.80648200489919
"276","LA",2007,101900,164450,55670,0.619641228336881,1.83042931560984
"277","LA",2008,138550,173040,59320,0.800681923254739,2.33563722184761
"278","LA",2009,134810,182730,60290,0.737755157883216,2.2360258749378
"279","LA",2010,151990,193550,62060,0.785275122707311,2.44908153399936
"280","LA",2011,155210,183760,64190,0.844634305616021,2.41797787817417
"281","LA",2012,158850,168330,61260,0.943682053109963,2.59304603330069
"282","LA",2013,144460,163950,61780,0.881122293382129,2.33829718355455
"283","LA",2014,148240,182790,60230,0.810985283658843,2.46123194421385
"284","LA",2015,139080,206440,62450,0.673706645998837,2.22706164931946
"285","LA",2016,126030,221180,63370,0.569807396690478,1.98879596023355
"286","LA",2017,115050,218480,63560,0.526592823141706,1.81010069225928
"287","LA",2018,124020,217580,63970,0.569997242393602,1.93872127559794
"288","MA",2004,141320,147860,62490,0.95576897064791,2.26148183709393
"289","MA",2005,134080,151740,66250,0.883616712798207,2.02384905660377
"290","MA",2006,142030,157510,70910,0.901720525680909,2.00296150049358
"291","MA",2007,148220,175650,74940,0.843837176202676,1.97784894582333
"292","MA",2008,152260,185200,79390,0.822138228941685,1.91787378763068
"293","MA",2009,169340,187070,81780,0.90522264393008,2.07067742724383
"294","MA",2010,174290,187260,84990,0.930738011321158,2.05071184845276
"295","MA",2011,180210,186980,86810,0.963792919028773,2.07591291325884
"296","MA",2012,176080,197740,83370,0.89046222312127,2.11203070648914
"297","MA",2013,170290,204810,83720,0.831453542307505,2.03404204491161
"298","MA",2014,175280,209050,85770,0.83845969863669,2.04360499008977
"299","MA",2015,179390,212210,88650,0.845341878328071,2.02357586012408
"300","MA",2016,188020,211760,89060,0.887891953154515,2.11116101504604
"301","MA",2017,175580,224710,89330,0.78136264518713,1.96552110153364
"302","MA",2018,177410,218340,92140,0.81254007511221,1.92543954851313
"303","MD",2004,132400,173130,64720,0.764743256512447,2.04573547589617
"304","MD",2005,122940,165210,67330,0.744143816960232,1.82593197683054
"305","MD",2006,138820,167290,68370,0.829816486341084,2.03042270001463
"306","MD",2007,131970,157680,70480,0.836948249619482,1.87244608399546
"307","MD",2008,145060,157060,74370,0.923596077932,1.95051768186097
"308","MD",2009,144320,155330,76330,0.92911865061482,1.89073758679418
"309","MD",2010,156730,154930,76450,1.01161815013232,2.05009810333551
"310","MD",2011,150180,161430,75490,0.93031035123583,1.9894025698768
"311","MD",2012,156250,173260,71090,0.90182384855131,2.19791813194542
"312","MD",2013,151640,185140,71100,0.819055849627309,2.13277074542897
"313","MD",2014,159830,171480,72210,0.932062048052251,2.21340534552001
"314","MD",2015,158310,179410,73200,0.882392285825762,2.16270491803279
"315","MD",2016,165140,184130,74710,0.896866344430565,2.21041359925044
"316","MD",2017,154010,209420,75250,0.735412090535765,2.04664451827243
"317","MD",2018,151950,199300,76820,0.762418464626192,1.97800052069773
"318","ME",2004,118140,121750,50940,0.970349075975359,2.31919905771496
"319","ME",2005,182840,132890,52840,1.37587478365566,3.46025738077214
"320","ME",2006,171440,137730,55060,1.24475422928919,3.11369415183436
"321","ME",2007,167400,144270,58010,1.16032439176544,2.88570936045509
"322","ME",2008,180690,151500,59520,1.19267326732673,3.03578629032258
"323","ME",2009,205960,143990,65240,1.43037710952149,3.15695892090742
"324","ME",2010,205050,153330,64650,1.33731168068871,3.17169373549884
"325","ME",2011,208060,168870,66100,1.23207200805353,3.14765506807867
"326","ME",2012,195800,179780,60700,1.08910891089109,3.22570016474465
"327","ME",2013,194990,174880,62640,1.11499313815188,3.11286717752235
"328","ME",2014,203890,169550,63320,1.20253612503686,3.21999368288061
"329","ME",2015,185290,177790,64310,1.04218459980876,2.88120043539107
"330","ME",2016,191200,191910,63800,0.996300349121984,2.99686520376176
"331","ME",2017,179920,198210,65890,0.907724130972201,2.73061162543633
"332","ME",2018,203920,202440,67610,1.00731080814068,3.01612187546221
"333","MI",2004,157660,115650,54320,1.36325118893212,2.90243004418262
"334","MI",2005,141240,139550,57190,1.01211035471157,2.46966252841406
"335","MI",2006,162580,152530,59700,1.06588867763719,2.72328308207705
"336","MI",2007,155920,154850,61030,1.00690991281886,2.55480911027364
"337","MI",2008,162930,169760,63100,0.959766729500471,2.58209191759112
"338","MI",2009,157810,178160,64100,0.885776829815896,2.4619344773791
"339","MI",2010,152890,186290,63970,0.82070964625047,2.39002657495701
"340","MI",2011,162200,178580,65430,0.908276402732669,2.47898517499618
"341","MI",2012,160720,182080,64430,0.882688927943761,2.4944901443427
"342","MI",2013,166070,187190,65820,0.887173460120733,2.52309328471589
"343","MI",2014,161040,181590,67180,0.886832975384107,2.39714200654957
"344","MI",2015,169080,174360,67690,0.969717825189264,2.49785788151869
"345","MI",2016,172270,174980,69100,0.984512515716082,2.49305354558611
"346","MI",2017,187430,191260,69120,0.979974903273031,2.71166087962963
"347","MI",2018,197490,207110,71330,0.953551252957366,2.76868077947568
"348","MN",2004,135250,147150,57130,0.919130139313626,2.36740766672501
"349","MN",2005,142470,147750,60500,0.964263959390863,2.35487603305785
"350","MN",2006,146740,152030,64120,0.965204236006051,2.28852152214598
"351","MN",2007,154820,161560,67510,0.958281752909136,2.2932898829803
"352","MN",2008,166480,165290,70560,1.0071994676024,2.359410430839
"353","MN",2009,172560,174610,72760,0.98825954985396,2.37163276525563
"354","MN",2010,186350,170410,73770,1.09353911155449,2.52609461840857
"355","MN",2011,188500,173930,74250,1.08376933249008,2.53872053872054
"356","MN",2012,196630,175380,70780,1.12116546926673,2.77804464538005
"357","MN",2013,193100,184880,71160,1.04446127217655,2.71360314783586
"358","MN",2014,193690,183010,71450,1.05835746680509,2.71084674597621
"359","MN",2015,193320,190140,72310,1.01672451877564,2.67348914396349
"360","MN",2016,205810,201560,73940,1.02108553284382,2.78347308628618
"361","MN",2017,210320,219360,77540,0.958789204959883,2.71240649987103
"362","MN",2018,227280,221700,78920,1.02516914749662,2.87987835783071
"363","MO",2004,119190,124220,48220,0.959507325712446,2.47179593529656
"364","MO",2005,144380,151870,50650,0.950681503917824,2.85054294175716
"365","MO",2006,146990,157330,53150,0.934278268607386,2.76556914393227
"366","MO",2007,165630,143870,54710,1.1512476541322,3.02741729117163
"367","MO",2008,166830,150980,56670,1.1049807921579,2.94388565378507
"368","MO",2009,143080,154590,57460,0.925544989973478,2.49008005569092
"369","MO",2010,133430,187760,59140,0.710641244141457,2.25617179573892
"370","MO",2011,134180,184570,59620,0.726987050983367,2.25058705132506
"371","MO",2012,152560,172480,56990,0.884508348794063,2.67696087032813
"372","MO",2013,165930,132390,58040,1.25334239746204,2.85889042039972
"373","MO",2014,168650,149430,58040,1.12862209730309,2.90575465196416
"374","MO",2015,166000,155480,59150,1.06766143555441,2.80642434488588
"375","MO",2016,172720,170460,60830,1.01325824240291,2.83938845964162
"376","MO",2017,180350,172940,63300,1.04284723025327,2.84913112164297
"377","MO",2018,191240,191110,65130,1.000680236513,2.93628128358667
"378","MS",2004,68100,147610,46680,0.461350856988009,1.45886889460154
"379","MS",2005,140310,158470,48460,0.885404177446835,2.89537763103591
"380","MS",2006,131240,169240,50130,0.775466792720397,2.61799321763415
"381","MS",2007,144170,170790,53400,0.844136073540605,2.6998127340824
"382","MS",2008,147480,174870,56160,0.843369360096071,2.62606837606838
"383","MS",2009,162050,173730,57630,0.932769239624705,2.81190352247094
"384","MS",2010,150730,175750,57940,0.857638691322902,2.60148429409734
"385","MS",2011,153590,178440,59480,0.860737502802062,2.58221250840619
"386","MS",2012,158560,169510,57740,0.935402041177512,2.74610322133703
"387","MS",2013,164110,191090,56530,0.858809984823905,2.90306032195295
"388","MS",2014,152490,205360,56560,0.742549668874172,2.69607496463932
"389","MS",2015,178610,223250,56980,0.800044792833147,3.13460863460863
"390","MS",2016,172600,226640,57010,0.761560183551006,3.02753902824066
"391","MS",2017,182520,218640,57700,0.834796926454446,3.1632582322357
"392","MS",2018,153810,227390,58490,0.676414969875544,2.62968028722859
"393","MT",2004,93520,115930,46070,0.806693694470801,2.02995441719123
"394","MT",2005,82010,121550,48460,0.674701768819416,1.69232356582749
"395","MT",2006,121610,123140,51550,0.987575117752152,2.35906886517944
"396","MT",2007,117980,130580,53320,0.903507428396385,2.21267816954239
"397","MT",2008,139380,135220,55060,1.0307646797811,2.53142026879768
"398","MT",2009,123230,137580,56380,0.895697048989679,2.18570415040795
"399","MT",2010,116220,150050,57860,0.774541819393536,2.0086415485655
"400","MT",2011,119590,154210,60190,0.775500940276247,1.98687489616215
"401","MT",2012,111410,159640,59920,0.697882736156352,1.85931241655541
"402","MT",2013,131120,164910,60700,0.795100357770905,2.16013179571664
"403","MT",2014,130390,191730,61810,0.680070933082981,2.10952920239443
"404","MT",2015,147250,191970,62650,0.767046934416836,2.35035913806864
"405","MT",2016,176050,196600,64300,0.895473041709054,2.73794712286159
"406","MT",2017,161060,189490,66280,0.84996569739828,2.42999396499698
"407","MT",2018,170260,214710,67450,0.792976573052024,2.52424017790956
"408","NC",2004,170290,144650,49580,1.1772554441756,3.43465106897943
"409","NC",2005,164440,149070,51970,1.1031059233917,3.16413315374254
"410","NC",2006,165190,163800,53770,1.00848595848596,3.07215919657802
"411","NC",2007,178180,171340,55920,1.03992062565659,3.18633762517883
"412","NC",2008,182500,178960,57790,1.01978095663835,3.15798581069389
"413","NC",2009,193600,185050,58880,1.04620372872197,3.28804347826087
"414","NC",2010,196060,187270,60260,1.04693757676083,3.25356787255227
"415","NC",2011,202380,183240,60960,1.10445317616241,3.31988188976378
"416","NC",2012,200200,189850,58760,1.05451672372926,3.4070796460177
"417","NC",2013,187210,192140,59290,0.974341625897783,3.1575307809074
"418","NC",2014,205820,200710,60030,1.02545961835484,3.42861902382142
"419","NC",2015,211370,195980,60460,1.07852842126748,3.49603043334436
"420","NC",2016,236020,204670,61330,1.15317340108467,3.848361323985
"421","NC",2017,225890,201500,62560,1.12104218362283,3.610773657289
"422","NC",2018,212160,221220,64850,0.95904529427719,3.27154973014649
"423","ND",2004,152730,169020,45400,0.903620873269436,3.36409691629956
"425","ND",2006,136610,155870,50720,0.87643549111439,2.69341482649842
"426","ND",2007,145640,149460,53610,0.974441322092868,2.7166573400485
"427","ND",2008,181380,164690,55260,1.10134191511324,3.28230184581976
"428","ND",2009,196450,183600,56110,1.06998910675381,3.50115843878097
"429","ND",2010,207810,190820,57020,1.08903678859658,3.6445106980007
"430","ND",2011,205760,193730,57600,1.06209673256594,3.57222222222222
"431","ND",2012,200510,184740,53520,1.08536321316445,3.74644992526158
"432","ND",2013,208960,177880,56030,1.1747245333933,3.72943066214528
"433","ND",2014,183600,173590,58120,1.05766461201682,3.15898141775637
"434","ND",2015,214450,191930,58890,1.11733444484968,3.64153506537613
"435","ND",2016,202240,206930,60840,0.977335330788189,3.3241288625904
"436","ND",2017,238170,224820,63140,1.05938083800374,3.77209375989864
"437","NE",2004,146380,141830,47680,1.032080659945,3.07005033557047
"438","NE",2005,132920,155830,50000,0.852980812423795,2.6584
"439","NE",2006,140590,169260,51410,0.830615620938202,2.73468196848862
"440","NE",2007,153360,160640,52520,0.954681274900398,2.92003046458492
"441","NE",2008,169230,162320,53490,1.0425702316412,3.16376892877173
"442","NE",2009,158630,165490,55040,0.958547344250408,2.88208575581395
"443","NE",2010,152890,178910,56480,0.854563747135431,2.70697592067989
"444","NE",2011,159540,194700,58060,0.819414483821263,2.74784705477093
"445","NE",2012,180260,195890,56350,0.920210322119557,3.19893522626442
"446","NE",2013,162710,217840,56920,0.746924348145428,2.85857343640197
"447","NE",2014,151130,222480,57550,0.679297015462064,2.62606429192007
"448","NE",2015,153460,216200,58970,0.709805735430157,2.60234017296931
"449","NE",2016,158770,226520,60370,0.700909411972453,2.62994864999172
"450","NE",2017,148230,227020,62210,0.652938067130649,2.38273589455072
"451","NE",2018,135080,237320,64470,0.569189280296646,2.0952380952381
"452","NH",2004,164340,141880,50250,1.15830279109106,3.27044776119403
"453","NH",2005,157180,146900,53340,1.06997957794418,2.94675665541807
"454","NH",2006,153660,141380,55200,1.08685811288725,2.78369565217391
"455","NH",2007,150500,145210,58900,1.03642999793403,2.55517826825127
"456","NH",2008,166330,160540,60210,1.03606577799925,2.7624979239329
"457","NH",2009,182720,153500,62060,1.19035830618893,2.94424750241702
"458","NH",2010,222860,181560,63340,1.22747301167658,3.51847173981686
"459","NH",2011,237430,196150,65280,1.21045118531736,3.63710171568627
"460","NH",2012,234010,202860,63920,1.15355417529331,3.66098247809762
"461","NH",2013,229040,202410,64540,1.13156464601551,3.54880694143167
"462","NH",2014,218230,206440,65790,1.05711102499516,3.31706946344429
"463","NH",2015,217790,214020,67190,1.01761517615176,3.24140497097782
"464","NH",2016,220480,236830,68680,0.930963138115948,3.21025043680839
"465","NH",2017,219920,258670,70040,0.85019522944292,3.13992004568818
"466","NH",2018,226300,264470,72760,0.855673611373691,3.11022539857064
"467","NJ",2004,145660,132070,59810,1.10289997728477,2.43537869921418
"468","NJ",2005,128330,128090,63070,1.00187368256695,2.03472332329158
"469","NJ",2006,134130,147320,66600,0.910467010589194,2.01396396396396
"470","NJ",2007,138470,151950,70900,0.911286607436657,1.95303244005642
"471","NJ",2008,149760,158010,72870,0.947788114676286,2.05516673528201
"472","NJ",2009,154130,160260,74990,0.961749656807688,2.05534071209495
"473","NJ",2010,147850,158150,75440,0.934871957002845,1.95983563096501
"474","NJ",2011,150940,165360,76460,0.912796323173682,1.97410410672247
"475","NJ",2012,150980,162050,75820,0.93168775069423,1.99129517277763
"476","NJ",2013,153690,175050,77360,0.877977720651242,1.98668562564633
"477","NJ",2014,156640,162360,78330,0.964769647696477,1.99974466998596
"478","NJ",2015,166700,174080,79840,0.957605698529412,2.08792585170341
"479","NJ",2016,151750,183410,80580,0.827381276920561,1.88322164308761
"480","NJ",2017,164310,216880,82010,0.757607893766138,2.00353615412755
"481","NJ",2018,169990,224640,82750,0.756721866096866,2.05425981873112
"482","NM",2004,118020,146260,51690,0.806919185012991,2.28322692977365
"483","NM",2005,139570,155050,54380,0.900161238310223,2.56656859139389
"484","NM",2006,136740,151010,57000,0.905502946824714,2.39894736842105
"485","NM",2007,145430,153120,59570,0.949777951933124,2.44132952828605
"486","NM",2008,151860,156200,61830,0.972215108834827,2.45608927704998
"487","NM",2009,174560,176090,63550,0.991311261286842,2.74681353265146
"488","NM",2010,172730,194420,66090,0.888437403559305,2.61355727038886
"489","NM",2011,172790,185660,66660,0.930679737153937,2.59210921092109
"490","NM",2012,164700,179730,66710,0.916374561842764,2.46889521810823
"491","NM",2013,175020,169480,64900,1.03268822279915,2.69676425269646
"492","NM",2014,187920,172700,65790,1.08812970469021,2.85636114911081
"493","NM",2015,170570,167140,66030,1.02052171831997,2.58321974859912
"494","NM",2016,167650,174500,68670,0.960744985673352,2.44138634046891
"495","NM",2017,167720,160780,69840,1.04316457270805,2.40148911798396
"496","NM",2018,173610,176120,71730,0.985748353395412,2.42032622333752
"497","NV",2004,127490,181150,57510,0.703781396632625,2.21683185532951
"498","NV",2005,135370,158820,59660,0.852348570708979,2.26902447200805
"499","NV",2006,137090,158080,63150,0.867219129554656,2.17086302454473
"500","NV",2007,164250,156350,67430,1.05052766229613,2.43585940975827
"501","NV",2008,161830,162850,70700,0.993736567393307,2.28896746817539
"502","NV",2009,168940,180390,72940,0.936526414989744,2.31615026048807
"503","NV",2010,166950,191100,75320,0.873626373626374,2.21654275092937
"504","NV",2011,158050,204990,77840,0.771013220157081,2.0304470709147
"505","NV",2012,137470,180560,77870,0.761353566681436,1.76537819442661
"506","NV",2013,128920,170770,78800,0.754933536335422,1.63604060913706
"507","NV",2014,144770,158270,80240,0.914702723194541,1.80421236291127
"508","NV",2015,195360,160070,81460,1.22046604610483,2.39823226123251
"509","NV",2016,210690,183200,83790,1.15005458515284,2.51450053705693
"510","NV",2017,209360,197500,84980,1.06005063291139,2.46363850317722
"511","NV",2018,210710,202430,85620,1.04090302820728,2.46099042279841
"512","NY",2004,138570,138900,60680,0.997624190064795,2.2836189848385
"513","NY",2005,133580,144500,63010,0.924429065743945,2.1199809554039
"514","NY",2006,137660,158800,66390,0.866876574307305,2.07350504594065
"515","NY",2007,144660,153230,69620,0.944071004372512,2.07785119218615
"516","NY",2008,151880,142510,73160,1.06574977194583,2.07599781301258
"517","NY",2009,149370,137000,72790,1.09029197080292,2.05206759170216
"518","NY",2010,150390,152270,74000,0.987653510212123,2.0322972972973
"519","NY",2011,151860,170330,75370,0.891563435683673,2.01486002388218
"520","NY",2012,156480,177430,74100,0.881925266302204,2.11174089068826
"521","NY",2013,160950,181150,75470,0.888490201490478,2.1326354842984
"522","NY",2014,164030,187140,77110,0.876509565031527,2.12722085332642
"523","NY",2015,173980,181870,78950,0.956617364051245,2.20367321089297
"524","NY",2016,170300,184050,80830,0.925292040206466,2.10689100581467
"525","NY",2017,168120,186460,83450,0.901641102649362,2.01461953265428
"526","NY",2018,164520,192900,85610,0.852877138413686,1.92173811470623
"527","OH",2004,158730,145190,50560,1.09325711137131,3.13943829113924
"528","OH",2005,154630,152480,53150,1.01410020986359,2.90931326434619
"529","OH",2006,165510,156720,55130,1.05608728943338,3.00217667331761
"530","OH",2007,158380,160840,57320,0.984705297189754,2.76308443824145
"531","OH",2008,165400,160140,58750,1.03284625952292,2.81531914893617
"532","OH",2009,160250,163870,59740,0.977909318362116,2.6824573150318
"533","OH",2010,160450,163330,60590,0.982366987081369,2.6481267535897
"534","OH",2011,170220,158330,61710,1.07509631781722,2.75838599902771
"535","OH",2012,177980,163200,60970,1.0905637254902,2.91914056093161
"536","OH",2013,188800,171180,61750,1.10293258558243,3.05748987854251
"537","OH",2014,186100,184450,62490,1.00894551368935,2.97807649223876
"538","OH",2015,191270,191890,62800,0.996768982229402,3.04570063694268
"539","OH",2016,193430,200060,63960,0.966859942017395,3.02423389618512
"540","OH",2017,187770,198230,65500,0.947233012157595,2.86671755725191
"541","OH",2018,197150,193140,66820,1.0207621414518,2.95046393295421
"542","OK",2004,148710,165490,45230,0.898604145265575,3.28786203847004
"543","OK",2005,114610,135450,47200,0.846142488002953,2.42817796610169
"544","OK",2006,121740,147240,48480,0.82681336593317,2.51113861386139
"545","OK",2007,114920,162270,50330,0.708202378751464,2.28333002185575
"546","OK",2008,130710,168440,51880,0.77600332462598,2.51946800308404
"547","OK",2009,134900,165270,53210,0.816240091970715,2.53523773726743
"548","OK",2010,157230,167080,54340,0.941046205410582,2.89344865660655
"549","OK",2011,160560,181640,56130,0.883946267341995,2.86050240513095
"550","OK",2012,158050,198550,55980,0.796021153361874,2.8233297606288
"551","OK",2013,143910,208720,57130,0.689488309697202,2.51899177314896
"552","OK",2014,147820,136990,57830,1.07905686546463,2.55611274425039
"553","OK",2015,155250,144100,59040,1.07737682165163,2.62957317073171
"554","OK",2016,168820,155420,60630,1.08621798996268,2.78443015009071
"555","OK",2017,161010,223760,61640,0.719565606006435,2.61210253082414
"556","OK",2018,156060,225140,63080,0.693168695034201,2.47400126823082
"557","OR",2006,140900,145770,63770,0.966591205323455,2.20950290105065
"558","OR",2007,147210,144090,67250,1.02165313345826,2.18899628252788
"559","OR",2008,162720,163750,71210,0.993709923664122,2.28507232130319
"560","OR",2009,177680,159490,73300,1.11405103768261,2.42401091405184
"561","OR",2010,194060,162770,75350,1.1922344412361,2.57544790975448
"562","OR",2011,200230,168920,77220,1.18535401373431,2.59298109298109
"563","OR",2012,193290,178080,78530,1.08541105121294,2.4613523494206
"564","OR",2013,178170,183460,80440,0.971165376648861,2.21494281452014
"565","OR",2014,169110,182880,82940,0.924704724409449,2.03894381480588
"566","OR",2015,193960,181570,83800,1.06823814506802,2.3145584725537
"567","OR",2016,192280,187200,87000,1.02713675213675,2.21011494252874
"568","OR",2017,202030,213840,88770,0.944771791994014,2.27588149149487
"569","OR",2018,190690,226030,91080,0.843649073131885,2.09365393061045
"570","PA",2004,109660,132590,52770,0.827060864318576,2.07807466363464
"571","PA",2005,111630,130150,54040,0.857702650787553,2.06569207994078
"572","PA",2006,121910,138610,57040,0.879518072289157,2.13727208976157
"573","PA",2007,126700,153980,59280,0.822834134303156,2.13731443994602
"574","PA",2008,131410,167050,61390,0.786650703382221,2.14057664114677
"575","PA",2009,139400,172840,63600,0.806526267067808,2.19182389937107
"576","PA",2010,143900,163310,65070,0.881146286204152,2.2114645766098
"577","PA",2011,155740,161430,67140,0.964752524313944,2.31963062257968
"578","PA",2012,157970,173150,65000,0.912330349408028,2.43030769230769
"579","PA",2013,164890,187470,66010,0.879554061983251,2.49795485532495
"580","PA",2014,166690,190470,66570,0.875150942405628,2.50398077211957
"581","PA",2015,150620,205310,67550,0.733622327212508,2.22975573649149
"582","PA",2016,140340,213320,68770,0.657884867804238,2.04071542823906
"583","PA",2017,138200,216800,69820,0.637453874538745,1.97937553709539
"584","PA",2018,153950,208470,70390,0.738475560032619,2.18710044040347
"585","PR",2004,56790,70350,23140,0.807249466950959,2.45419187554019
"586","PR",2005,64900,73450,24270,0.88359428182437,2.6740832303255
"587","PR",2006,54620,77470,25130,0.705047115012263,2.17349781138082
"588","PR",2007,72380,78330,26020,0.924039320822163,2.78170637970792
"589","PR",2008,91040,70340,28270,1.29428490190503,3.22037495578352
"590","PR",2009,82530,68930,29950,1.19730161032932,2.75559265442404
"591","PR",2010,77190,69760,31620,1.10650802752294,2.44117647058824
"592","PR",2011,63460,75410,32510,0.841532953189232,1.95201476468779
"593","PR",2012,46690,72030,32930,0.648202137998056,1.4178560583055
"594","PR",2013,59990,69220,32800,0.866657035538862,1.82896341463415
"595","PR",2014,52520,71200,33740,0.737640449438202,1.556609365738
"596","PR",2015,62350,73300,34350,0.850613915416098,1.81513828238719
"597","PR",2016,52060,82710,34810,0.629428122355217,1.49554725653548
"598","PR",2017,61910,91140,34630,0.679284617072636,1.78775628068149
"599","PR",2018,54670,86970,34940,0.628607565827297,1.56468231253578
"600","RI",2004,111040,173980,55360,0.638234279802276,2.00578034682081
"601","RI",2005,146740,141250,58400,1.03886725663717,2.51267123287671
"602","RI",2006,136980,170600,60710,0.802930832356389,2.25630044473728
"603","RI",2007,160880,175820,65190,0.915026731884882,2.46786316919773
"604","RI",2008,167710,185840,67810,0.902442961687473,2.47323403627784
"605","RI",2009,189640,172430,68830,1.09980861798991,2.75519395612378
"606","RI",2010,167360,197440,70640,0.847649918962723,2.36919592298981
"607","RI",2011,132180,199240,72720,0.663420999799237,1.81765676567657
"608","RI",2012,121730,205280,73070,0.592994933749026,1.66593677295744
"609","RI",2013,168290,195610,74080,0.860334338735238,2.27173326133909
"610","RI",2014,183180,193800,75510,0.945201238390093,2.4259038537942
"611","RI",2015,180220,174300,76410,1.03396442914515,2.35859180735506
"612","RI",2016,162070,168220,75200,0.963440732374272,2.15518617021277
"613","RI",2017,206520,178230,76650,1.15872748695506,2.69432485322896
"614","RI",2018,254190,175250,78420,1.4504422253923,3.24139250191278
"615","SC",2004,136490,134400,50660,1.0155505952381,2.69423608369522
"616","SC",2006,131910,155750,53210,0.8469341894061,2.4790452922383
"617","SC",2007,152750,160120,55820,0.953972020984262,2.73647438194196
"618","SC",2008,162250,170410,57610,0.952115486180388,2.81635132789446
"619","SC",2009,173530,162880,59680,1.06538555992141,2.90767426273458
"620","SC",2010,167680,163740,60040,1.02406253817027,2.79280479680213
"621","SC",2011,156630,172950,61350,0.905637467476149,2.55305623471883
"622","SC",2012,157220,177960,58940,0.883456956619465,2.66745843230404
"623","SC",2013,169390,179050,59670,0.946048589779391,2.83877995642702
"624","SC",2014,183150,184860,59670,0.990749756572541,3.06938159879336
"625","SC",2015,195350,202120,61110,0.966505046507026,3.19669448535428
"626","SC",2016,191520,225440,63470,0.849538679914833,3.0174885772806
"627","SC",2017,192800,234420,63630,0.82245542189233,3.03001728744303
"628","SC",2018,172780,235790,64940,0.732770685779719,2.66060979365568
"629","SD",2004,157000,127930,45410,1.22723364339873,3.45738824047567
"630","SD",2005,147570,141420,47500,1.04348748408994,3.10673684210526
"631","SD",2006,157660,147100,49560,1.07178789938817,3.18119451170299
"632","SD",2007,164220,147550,50830,1.11297865130464,3.23076923076923
"633","SD",2008,164900,153680,52600,1.07300884955752,3.13498098859316
"634","SD",2009,142900,183830,53520,0.777348637327966,2.67002989536622
"635","SD",2010,130180,180430,54730,0.721498642132683,2.37858578476156
"636","SD",2011,134660,183000,55710,0.735846994535519,2.41716029438162
"637","SD",2012,153460,182730,52800,0.839818311169485,2.90643939393939
"638","SD",2013,171850,203030,53050,0.846426636457666,3.23939679547597
"639","SD",2014,164590,203320,53970,0.809512099154043,3.04965721697239
"640","SD",2015,153880,210150,55100,0.732238876992624,2.79274047186933
"641","SD",2016,160480,221690,55920,0.723893725472507,2.86981402002861
"642","SD",2017,179960,218810,57010,0.822448699785202,3.1566391861077
"643","SD",2018,198170,214030,58340,0.925898238564687,3.39681179293795
"644","TN",2004,94460,92270,48460,1.02373469166576,1.9492364836979
"645","TN",2005,135850,78220,51250,1.73676809000256,2.65073170731707
"646","TN",2006,147490,140410,54490,1.05042375899152,2.70673518076711
"647","TN",2007,149980,142070,55910,1.05567677905258,2.68252548739045
"648","TN",2008,161150,153080,59000,1.05271753331591,2.73135593220339
"649","TN",2009,167840,159580,59520,1.05176087228976,2.81989247311828
"650","TN",2010,158700,187490,60480,0.846445143741,2.62400793650794
"651","TN",2011,171080,197470,60660,0.866359447004608,2.82030992416749
"652","TN",2012,179650,178310,55800,1.00751500196287,3.21953405017921
"653","TN",2013,190380,155340,56730,1.22556971803785,3.35589635113696
"654","TN",2014,172850,167370,57030,1.0327418294796,3.03086095037699
"655","TN",2015,176080,174430,57560,1.00945938198704,3.05906879777623
"656","TN",2016,187500,194610,58410,0.963465392323108,3.2100667693888
"657","TN",2017,184760,188550,60050,0.979899230973217,3.07676935886761
"658","TN",2018,186670,212900,61320,0.876796618130578,3.0441943900848
"659","TX",2004,140540,135660,52670,1.0359722836503,2.66831213214354
"660","TX",2005,139140,125880,54810,1.10533841754051,2.53858784893268
"661","TX",2006,149630,137000,57180,1.0921897810219,2.61682406435817
"662","TX",2007,147900,137810,59720,1.0732167476961,2.47655726724715
"663","TX",2008,153560,161600,61780,0.950247524752475,2.48559404337973
"664","TX",2009,153630,181000,64670,0.84878453038674,2.37559919591774
"665","TX",2010,163990,186290,66180,0.880294165011541,2.47793895436688
"666","TX",2011,171330,182270,67580,0.939979151807758,2.53521751997632
"667","TX",2012,192800,179170,66350,1.07607300329296,2.90580256217031
"668","TX",2013,186520,187530,67860,0.994614195062123,2.74860005894489
"669","TX",2014,185760,196380,68590,0.945921173235564,2.70826651115323
"670","TX",2015,171870,198430,69890,0.8661492717835,2.45915009300329
"671","TX",2016,171850,203370,70390,0.845011555293308,2.44139792584174
"672","TX",2017,172890,204660,72070,0.844766930518909,2.39891771888442
"673","TX",2018,185680,213620,72890,0.869207003089598,2.54740019207024
"674","UT",2004,158870,141770,50650,1.12061790223602,3.13662388943732
"675","UT",2005,136530,151900,52490,0.898815009874918,2.60106686987998
"676","UT",2006,143670,151590,54590,0.947753809618049,2.63180069609819
"677","UT",2007,128980,161020,56180,0.801018507017762,2.29583481666073
"678","UT",2008,116000,172880,58050,0.670985654789449,1.99827734711456
"679","UT",2009,109440,191600,59370,0.571189979123173,1.8433552299141
"680","UT",2010,115070,177090,60530,0.649782596419899,1.9010408062118
"681","UT",2011,125540,185360,61540,0.677276650841605,2.03997400064998
"682","UT",2012,115980,192570,59810,0.602274497585294,1.9391406119378
"683","UT",2013,113630,209290,60090,0.542930861484065,1.89099683807622
"684","UT",2014,112990,191440,61100,0.590211032177183,1.84926350245499
"685","UT",2015,121340,205720,61000,0.589830838032277,1.98918032786885
"686","UT",2016,127480,210680,62360,0.605088285551547,2.04425914047466
"687","UT",2017,128770,208640,63050,0.6171875,2.04234734337827
"688","UT",2018,138970,195610,65670,0.710444251316395,2.11618699558398
"689","VA",2004,142660,132300,51200,1.07830687830688,2.786328125
"690","VA",2005,144720,129780,54480,1.11511789181692,2.65638766519824
"691","VA",2006,153160,154580,56310,0.990813818087722,2.71994317172793
"692","VA",2007,161580,162790,59350,0.992567111001904,2.72249368155013
"693","VA",2008,170040,164100,61780,1.03619744058501,2.75234703787634
"694","VA",2009,187200,165980,63270,1.12784672852151,2.95874822190612
"695","VA",2010,191850,167160,65020,1.14770279971285,2.95063057520763
"696","VA",2011,195050,161450,65710,1.2081139671725,2.96834576168011
"697","VA",2012,182570,175040,63050,1.04301873857404,2.89563838223632
"698","VA",2013,165400,169990,63150,0.972998411671275,2.61916072842439
"699","VA",2014,158780,178130,63880,0.891371470274519,2.48559799624296
"700","VA",2015,156040,184420,65340,0.846112135343238,2.38812366085093
"701","VA",2016,177640,198750,66670,0.893786163522013,2.66446677666117
"702","VA",2017,185890,205920,67990,0.902729215229215,2.73407854096191
"703","VA",2018,199870,201120,69790,0.993784805091488,2.86387734632469
"704","VT",2004,166160,126190,47720,1.31674459148902,3.48197820620285
"705","VT",2005,139290,132890,50060,1.04816013244036,2.78246104674391
"706","VT",2006,132910,128030,52990,1.0381160665469,2.50820909605586
"707","VT",2007,159310,129570,58950,1.22952844022536,2.70245971162002
"708","VT",2008,177070,128910,60610,1.37359398029633,2.92146510476819
"709","VT",2009,195800,133020,63230,1.47195910389415,3.09663134588012
"710","VT",2010,179120,149160,63210,1.20085813891124,2.83372884037336
"711","VT",2012,216160,154910,63350,1.3953908721193,3.4121546961326
"712","VT",2013,215410,141480,63260,1.52254735651682,3.40515333544104
"713","VT",2014,204760,147070,64320,1.39226218807371,3.18345771144279
"714","VT",2015,180970,165710,65840,1.09208858849798,2.74863304981774
"715","VT",2016,185560,195770,67780,0.947846963273229,2.73768073177929
"716","VT",2017,174090,197120,69560,0.883167613636364,2.50273145485911
"717","WA",2004,126210,153000,58600,0.824901960784314,2.1537542662116
"718","WA",2005,139350,135250,62220,1.03031423290203,2.23963355834137
"719","WA",2006,159720,145690,64900,1.09630036378612,2.46101694915254
"720","WA",2007,173490,150940,67430,1.14939711143501,2.5728904048643
"721","WA",2008,178700,153450,71140,1.16454871293581,2.5119482710149
"722","WA",2009,177680,146660,72450,1.21150961407337,2.45244996549344
"723","WA",2010,190170,151480,73680,1.25541325587536,2.58102605863192
"724","WA",2011,202240,159680,74840,1.26653306613226,2.70229823623731
"725","WA",2012,203480,180700,75350,1.12606530160487,2.70046449900464
"726","WA",2013,194390,176950,76420,1.09855891494773,2.54370583616854
"727","WA",2014,177890,190600,78540,0.933315844700944,2.26496052966641
"728","WA",2015,182990,206250,78130,0.887224242424242,2.34212210418533
"729","WA",2016,184190,219400,80120,0.839516864175023,2.29892661008487
"730","WA",2017,187110,230330,79810,0.812356184604698,2.34444305224909
"731","WA",2018,184780,226600,82670,0.815445719329215,2.23515180839482
"732","WI",2004,108770,161470,52550,0.673623583328172,2.06983824928639
"733","WI",2005,146000,160250,55060,0.911076443057722,2.65165274246277
"734","WI",2006,143710,167140,57380,0.859818116549001,2.50453119553852
"735","WI",2007,159510,183790,59980,0.867892703629142,2.65938646215405
"736","WI",2008,158340,192180,62140,0.823915079612863,2.54811715481172
"737","WI",2009,170660,203040,63200,0.840524034672971,2.7003164556962
"738","WI",2010,163940,202620,64280,0.809100779784819,2.55040448039826
"739","WI",2011,173310,202810,64800,0.85454366155515,2.67453703703704
"740","WI",2012,164830,194030,64000,0.849507808070917,2.57546875
"741","WI",2013,177430,189770,64460,0.934973915792802,2.75255972696246
"742","WI",2014,178180,198120,65590,0.899353926912982,2.71657264826955
"743","WI",2015,203570,218480,66440,0.931755767118272,3.06396748946418
"744","WI",2016,210300,229900,67930,0.9147455415398,3.09583394670985
"745","WI",2017,217800,242340,69200,0.898737311215647,3.14739884393064
"746","WI",2018,213210,249110,71470,0.855886957568945,2.98320973835176
"747","WV",2004,132620,152790,46890,0.867988742718764,2.82832160375347
"748","WV",2005,138040,154780,48340,0.891846491794806,2.85560612329334
"749","WV",2006,148800,163020,49470,0.912771439087229,3.00788356579745
"750","WV",2007,155110,171830,51020,0.902694523657103,3.04018032144257
"751","WV",2008,144900,179380,52340,0.807782361467276,2.76843714176538
"752","WV",2009,133290,178710,53030,0.745845224106094,2.5134829341882
"753","WV",2010,133540,179670,54300,0.74325151666945,2.45930018416206
"754","WV",2011,148050,178940,56820,0.827372303565441,2.60559662090813
"755","WV",2012,182190,179080,54490,1.01736654009381,3.34354927509635
"756","WV",2013,177740,172510,55240,1.03031708306765,3.21759594496741
"757","WV",2014,169590,173080,56390,0.979835914028195,3.0074481291009
"758","WV",2015,163610,164420,58010,0.995073592020435,2.82037579727633
"759","WV",2016,162690,185780,59380,0.875713209172139,2.73981138430448
"760","WV",2017,160350,204280,60380,0.784952026630116,2.65568068896986
"761","WV",2018,139170,214270,61780,0.649507630559574,2.25267076723859
"762","WY",2004,131260,127430,45340,1.03005571686416,2.89501543890604
"764","WY",2006,128100,152290,48960,0.841158316370083,2.61642156862745
"765","WY",2007,128530,174130,52800,0.73812668695802,2.4342803030303
"766","WY",2008,128120,175630,54880,0.729488128451859,2.33454810495627
"767","WY",2009,149500,194680,58060,0.767926854325046,2.57492249397175
"768","WY",2010,145950,184660,58750,0.790371493555724,2.48425531914894
"769","WY",2011,150590,187540,60930,0.802975365255412,2.47152470047596
"770","WY",2012,161800,154250,60690,1.04894651539708,2.66600757950239
"771","WY",2013,176920,184660,61480,0.958085129427055,2.87768379960963
"772","WY",2014,183490,165550,60790,1.1083660525521,3.01842408290837
"773","WY",2015,171340,200260,62080,0.855587735943274,2.75998711340206
"774","WY",2016,175350,195580,62980,0.896564065855404,2.78421721181327
"775","WY",2017,143210,219690,64900,0.651873093905048,2.20662557781202
"776","WY",2018,125120,222750,67360,0.561705948372615,1.85748218527316
